<?xml version="1.0" encoding="UTF-8"?>
<spirit:component xmlns:xilinx="http://www.xilinx.com" xmlns:spirit="http://www.spiritconsortium.org/XMLSchema/SPIRIT/1685-2009" xmlns:xsi="http://www.w3.org/2001/XMLSchema-instance">
  <spirit:vendor>ShakeebZacky</spirit:vendor>
  <spirit:library>user</spirit:library>
  <spirit:name>RGB_to_RGBX</spirit:name>
  <spirit:version>1.0</spirit:version>
  <spirit:busInterfaces>
    <spirit:busInterface>
      <spirit:name>clk</spirit:name>
      <spirit:busType spirit:vendor="xilinx.com" spirit:library="signal" spirit:name="clock" spirit:version="1.0"/>
      <spirit:abstractionType spirit:vendor="xilinx.com" spirit:library="signal" spirit:name="clock_rtl" spirit:version="1.0"/>
      <spirit:slave/>
      <spirit:portMaps>
        <spirit:portMap>
          <spirit:logicalPort>
            <spirit:name>CLK</spirit:name>
          </spirit:logicalPort>
          <spirit:physicalPort>
            <spirit:name>clk</spirit:name>
          </spirit:physicalPort>
        </spirit:portMap>
      </spirit:portMaps>
    </spirit:busInterface>
  </spirit:busInterfaces>
  <spirit:model>
    <spirit:views>
      <spirit:view>
        <spirit:name>xilinx_anylanguagesynthesis</spirit:name>
        <spirit:displayName>Synthesis</spirit:displayName>
        <spirit:envIdentifier>:vivado.xilinx.com:synthesis</spirit:envIdentifier>
        <spirit:language>VHDL</spirit:language>
        <spirit:modelName>RGB_to_RGBX</spirit:modelName>
        <spirit:fileSetRef>
          <spirit:localName>xilinx_anylanguagesynthesis_view_fileset</spirit:localName>
        </spirit:fileSetRef>
        <spirit:parameters>
          <spirit:parameter>
            <spirit:name>viewChecksum</spirit:name>
            <spirit:value>afc7e099</spirit:value>
          </spirit:parameter>
        </spirit:parameters>
      </spirit:view>
      <spirit:view>
        <spirit:name>xilinx_anylanguagebehavioralsimulation</spirit:name>
        <spirit:displayName>Simulation</spirit:displayName>
        <spirit:envIdentifier>:vivado.xilinx.com:simulation</spirit:envIdentifier>
        <spirit:language>VHDL</spirit:language>
        <spirit:modelName>RGB_to_RGBX</spirit:modelName>
        <spirit:fileSetRef>
          <spirit:localName>xilinx_anylanguagebehavioralsimulation_view_fileset</spirit:localName>
        </spirit:fileSetRef>
        <spirit:parameters>
          <spirit:parameter>
            <spirit:name>viewChecksum</spirit:name>
            <spirit:value>afc7e099</spirit:value>
          </spirit:parameter>
        </spirit:parameters>
      </spirit:view>
      <spirit:view>
        <spirit:name>xilinx_testbench</spirit:name>
        <spirit:displayName>Test Bench</spirit:displayName>
        <spirit:envIdentifier>:vivado.xilinx.com:simulation.testbench</spirit:envIdentifier>
        <spirit:modelName>RGB_to_RGBX_tb</spirit:modelName>
        <spirit:fileSetRef>
          <spirit:localName>xilinx_testbench_view_fileset</spirit:localName>
        </spirit:fileSetRef>
        <spirit:parameters>
          <spirit:parameter>
            <spirit:name>viewChecksum</spirit:name>
            <spirit:value>6be1866a</spirit:value>
          </spirit:parameter>
        </spirit:parameters>
      </spirit:view>
      <spirit:view>
        <spirit:name>xilinx_xpgui</spirit:name>
        <spirit:displayName>UI Layout</spirit:displayName>
        <spirit:envIdentifier>:vivado.xilinx.com:xgui.ui</spirit:envIdentifier>
        <spirit:fileSetRef>
          <spirit:localName>xilinx_xpgui_view_fileset</spirit:localName>
        </spirit:fileSetRef>
        <spirit:parameters>
          <spirit:parameter>
            <spirit:name>viewChecksum</spirit:name>
            <spirit:value>f64a5dae</spirit:value>
          </spirit:parameter>
        </spirit:parameters>
      </spirit:view>
    </spirit:views>
    <spirit:ports>
      <spirit:port>
        <spirit:name>R_in</spirit:name>
        <spirit:wire>
          <spirit:direction>in</spirit:direction>
          <spirit:vector>
            <spirit:left spirit:format="long">3</spirit:left>
            <spirit:right spirit:format="long">0</spirit:right>
          </spirit:vector>
          <spirit:wireTypeDefs>
            <spirit:wireTypeDef>
              <spirit:typeName>STD_LOGIC_VECTOR</spirit:typeName>
              <spirit:viewNameRef>xilinx_anylanguagesynthesis</spirit:viewNameRef>
              <spirit:viewNameRef>xilinx_anylanguagebehavioralsimulation</spirit:viewNameRef>
            </spirit:wireTypeDef>
          </spirit:wireTypeDefs>
        </spirit:wire>
      </spirit:port>
      <spirit:port>
        <spirit:name>G_in</spirit:name>
        <spirit:wire>
          <spirit:direction>in</spirit:direction>
          <spirit:vector>
            <spirit:left spirit:format="long">3</spirit:left>
            <spirit:right spirit:format="long">0</spirit:right>
          </spirit:vector>
          <spirit:wireTypeDefs>
            <spirit:wireTypeDef>
              <spirit:typeName>STD_LOGIC_VECTOR</spirit:typeName>
              <spirit:viewNameRef>xilinx_anylanguagesynthesis</spirit:viewNameRef>
              <spirit:viewNameRef>xilinx_anylanguagebehavioralsimulation</spirit:viewNameRef>
            </spirit:wireTypeDef>
          </spirit:wireTypeDefs>
        </spirit:wire>
      </spirit:port>
      <spirit:port>
        <spirit:name>B_in</spirit:name>
        <spirit:wire>
          <spirit:direction>in</spirit:direction>
          <spirit:vector>
            <spirit:left spirit:format="long">3</spirit:left>
            <spirit:right spirit:format="long">0</spirit:right>
          </spirit:vector>
          <spirit:wireTypeDefs>
            <spirit:wireTypeDef>
              <spirit:typeName>STD_LOGIC_VECTOR</spirit:typeName>
              <spirit:viewNameRef>xilinx_anylanguagesynthesis</spirit:viewNameRef>
              <spirit:viewNameRef>xilinx_anylanguagebehavioralsimulation</spirit:viewNameRef>
            </spirit:wireTypeDef>
          </spirit:wireTypeDefs>
        </spirit:wire>
      </spirit:port>
      <spirit:port>
        <spirit:name>clk</spirit:name>
        <spirit:wire>
          <spirit:direction>in</spirit:direction>
          <spirit:wireTypeDefs>
            <spirit:wireTypeDef>
              <spirit:typeName>STD_LOGIC</spirit:typeName>
              <spirit:viewNameRef>xilinx_anylanguagesynthesis</spirit:viewNameRef>
              <spirit:viewNameRef>xilinx_anylanguagebehavioralsimulation</spirit:viewNameRef>
            </spirit:wireTypeDef>
          </spirit:wireTypeDefs>
        </spirit:wire>
      </spirit:port>
      <spirit:port>
        <spirit:name>writeEnable_in</spirit:name>
        <spirit:wire>
          <spirit:direction>in</spirit:direction>
          <spirit:wireTypeDefs>
            <spirit:wireTypeDef>
              <spirit:typeName>STD_LOGIC</spirit:typeName>
              <spirit:viewNameRef>xilinx_anylanguagesynthesis</spirit:viewNameRef>
              <spirit:viewNameRef>xilinx_anylanguagebehavioralsimulation</spirit:viewNameRef>
            </spirit:wireTypeDef>
          </spirit:wireTypeDefs>
        </spirit:wire>
      </spirit:port>
      <spirit:port>
        <spirit:name>vsync_in</spirit:name>
        <spirit:wire>
          <spirit:direction>in</spirit:direction>
          <spirit:wireTypeDefs>
            <spirit:wireTypeDef>
              <spirit:typeName>STD_LOGIC</spirit:typeName>
              <spirit:viewNameRef>xilinx_anylanguagesynthesis</spirit:viewNameRef>
              <spirit:viewNameRef>xilinx_anylanguagebehavioralsimulation</spirit:viewNameRef>
            </spirit:wireTypeDef>
          </spirit:wireTypeDefs>
        </spirit:wire>
      </spirit:port>
      <spirit:port>
        <spirit:name>R_out</spirit:name>
        <spirit:wire>
          <spirit:direction>out</spirit:direction>
          <spirit:vector>
            <spirit:left spirit:format="long">3</spirit:left>
            <spirit:right spirit:format="long">0</spirit:right>
          </spirit:vector>
          <spirit:wireTypeDefs>
            <spirit:wireTypeDef>
              <spirit:typeName>STD_LOGIC_VECTOR</spirit:typeName>
              <spirit:viewNameRef>xilinx_anylanguagesynthesis</spirit:viewNameRef>
              <spirit:viewNameRef>xilinx_anylanguagebehavioralsimulation</spirit:viewNameRef>
            </spirit:wireTypeDef>
          </spirit:wireTypeDefs>
        </spirit:wire>
      </spirit:port>
      <spirit:port>
        <spirit:name>G_out</spirit:name>
        <spirit:wire>
          <spirit:direction>out</spirit:direction>
          <spirit:vector>
            <spirit:left spirit:format="long">3</spirit:left>
            <spirit:right spirit:format="long">0</spirit:right>
          </spirit:vector>
          <spirit:wireTypeDefs>
            <spirit:wireTypeDef>
              <spirit:typeName>STD_LOGIC_VECTOR</spirit:typeName>
              <spirit:viewNameRef>xilinx_anylanguagesynthesis</spirit:viewNameRef>
              <spirit:viewNameRef>xilinx_anylanguagebehavioralsimulation</spirit:viewNameRef>
            </spirit:wireTypeDef>
          </spirit:wireTypeDefs>
        </spirit:wire>
      </spirit:port>
      <spirit:port>
        <spirit:name>B_out</spirit:name>
        <spirit:wire>
          <spirit:direction>out</spirit:direction>
          <spirit:vector>
            <spirit:left spirit:format="long">3</spirit:left>
            <spirit:right spirit:format="long">0</spirit:right>
          </spirit:vector>
          <spirit:wireTypeDefs>
            <spirit:wireTypeDef>
              <spirit:typeName>STD_LOGIC_VECTOR</spirit:typeName>
              <spirit:viewNameRef>xilinx_anylanguagesynthesis</spirit:viewNameRef>
              <spirit:viewNameRef>xilinx_anylanguagebehavioralsimulation</spirit:viewNameRef>
            </spirit:wireTypeDef>
          </spirit:wireTypeDefs>
        </spirit:wire>
      </spirit:port>
      <spirit:port>
        <spirit:name>X_out</spirit:name>
        <spirit:wire>
          <spirit:direction>out</spirit:direction>
          <spirit:vector>
            <spirit:left spirit:format="long">3</spirit:left>
            <spirit:right spirit:format="long">0</spirit:right>
          </spirit:vector>
          <spirit:wireTypeDefs>
            <spirit:wireTypeDef>
              <spirit:typeName>STD_LOGIC_VECTOR</spirit:typeName>
              <spirit:viewNameRef>xilinx_anylanguagesynthesis</spirit:viewNameRef>
              <spirit:viewNameRef>xilinx_anylanguagebehavioralsimulation</spirit:viewNameRef>
            </spirit:wireTypeDef>
          </spirit:wireTypeDefs>
        </spirit:wire>
      </spirit:port>
      <spirit:port>
        <spirit:name>writeEnable_out</spirit:name>
        <spirit:wire>
          <spirit:direction>out</spirit:direction>
          <spirit:wireTypeDefs>
            <spirit:wireTypeDef>
              <spirit:typeName>STD_LOGIC</spirit:typeName>
              <spirit:viewNameRef>xilinx_anylanguagesynthesis</spirit:viewNameRef>
              <spirit:viewNameRef>xilinx_anylanguagebehavioralsimulation</spirit:viewNameRef>
            </spirit:wireTypeDef>
          </spirit:wireTypeDefs>
        </spirit:wire>
      </spirit:port>
      <spirit:port>
        <spirit:name>vsync_out</spirit:name>
        <spirit:wire>
          <spirit:direction>out</spirit:direction>
          <spirit:wireTypeDefs>
            <spirit:wireTypeDef>
              <spirit:typeName>STD_LOGIC</spirit:typeName>
              <spirit:viewNameRef>xilinx_anylanguagesynthesis</spirit:viewNameRef>
              <spirit:viewNameRef>xilinx_anylanguagebehavioralsimulation</spirit:viewNameRef>
            </spirit:wireTypeDef>
          </spirit:wireTypeDefs>
        </spirit:wire>
      </spirit:port>
    </spirit:ports>
  </spirit:model>
  <spirit:fileSets>
    <spirit:fileSet>
      <spirit:name>xilinx_anylanguagesynthesis_view_fileset</spirit:name>
      <spirit:file>
        <spirit:name>sources_1/new/RGB_to_RGBX.vhd</spirit:name>
        <spirit:fileType>vhdlSource</spirit:fileType>
        <spirit:userFileType>CHECKSUM_afc7e099</spirit:userFileType>
      </spirit:file>
    </spirit:fileSet>
    <spirit:fileSet>
      <spirit:name>xilinx_anylanguagebehavioralsimulation_view_fileset</spirit:name>
      <spirit:file>
        <spirit:name>sources_1/new/RGB_to_RGBX.vhd</spirit:name>
        <spirit:fileType>vhdlSource</spirit:fileType>
      </spirit:file>
    </spirit:fileSet>
    <spirit:fileSet>
      <spirit:name>xilinx_testbench_view_fileset</spirit:name>
      <spirit:file>
        <spirit:name>sim_1/new/RGB_to_RGBX_tb.vhd</spirit:name>
        <spirit:fileType>vhdlSource</spirit:fileType>
        <spirit:userFileType>USED_IN_simulation</spirit:userFileType>
        <spirit:userFileType>USED_IN_synthesis</spirit:userFileType>
      </spirit:file>
    </spirit:fileSet>
    <spirit:fileSet>
      <spirit:name>xilinx_xpgui_view_fileset</spirit:name>
      <spirit:file>
        <spirit:name>xgui/RGB_to_RGBX_v1_0.tcl</spirit:name>
        <spirit:fileType>tclSource</spirit:fileType>
        <spirit:userFileType>CHECKSUM_f64a5dae</spirit:userFileType>
        <spirit:userFileType>XGUI_VERSION_2</spirit:userFileType>
      </spirit:file>
    </spirit:fileSet>
  </spirit:fileSets>
  <spirit:description>RGB_to_RGBX_v1_0</spirit:description>
  <spirit:parameters>
    <spirit:parameter>
      <spirit:name>Component_Name</spirit:name>
      <spirit:value spirit:resolve="user" spirit:id="PARAM_VALUE.Component_Name" spirit:order="1">RGB_to_RGBX_v1_0</spirit:value>
    </spirit:parameter>
  </spirit:parameters>
  <spirit:vendorExtensions>
    <xilinx:coreExtensions>
      <xilinx:supportedFamilies>
        <xilinx:family xilinx:lifeCycle="Production">zynq</xilinx:family>
      </xilinx:supportedFamilies>
      <xilinx:taxonomies>
        <xilinx:taxonomy>/UserIP</xilinx:taxonomy>
      </xilinx:taxonomies>
      <xilinx:displayName>RGB_to_RGBX_v1_0</xilinx:displayName>
      <xilinx:definitionSource>package_project</xilinx:definitionSource>
      <xilinx:coreRevision>2</xilinx:coreRevision>
      <xilinx:upgrades>
        <xilinx:canUpgradeFrom>sfu.ca:user:RGB_to_RGBX:1.0</xilinx:canUpgradeFrom>
      </xilinx:upgrades>
      <xilinx:coreCreationDateTime>2024-03-02T07:30:36Z</xilinx:coreCreationDateTime>
      <xilinx:tags>
        <xilinx:tag xilinx:name="ui.data.coregen.dd@bd42d36_ARCHIVE_LOCATION">c:/users/saz5/documents/rgb_to_rgbx/rgb_to_rgbx.srcs</xilinx:tag>
        <xilinx:tag xilinx:name="ui.data.coregen.dd@3aae7a90_ARCHIVE_LOCATION">c:/users/saz5/documents/rgb_to_rgbx/rgb_to_rgbx.srcs</xilinx:tag>
        <xilinx:tag xilinx:name="ui.data.coregen.dd@148b9f5f_ARCHIVE_LOCATION">c:/users/saz5/documents/rgb_to_rgbx/rgb_to_rgbx.srcs</xilinx:tag>
        <xilinx:tag xilinx:name="ui.data.coregen.dd@46581b4e_ARCHIVE_LOCATION">c:/users/saz5/documents/rgb_to_rgbx/rgb_to_rgbx.srcs</xilinx:tag>
        <xilinx:tag xilinx:name="ui.data.coregen.dd@5c75a2ca_ARCHIVE_LOCATION">c:/users/saz5/documents/rgb_to_rgbx/rgb_to_rgbx.srcs</xilinx:tag>
        <xilinx:tag xilinx:name="ui.data.coregen.dd@2becd07d_ARCHIVE_LOCATION">c:/users/saz5/documents/rgb_to_rgbx/rgb_to_rgbx.srcs</xilinx:tag>
        <xilinx:tag xilinx:name="ui.data.coregen.dd@4c9d769f_ARCHIVE_LOCATION">c:/users/saz5/documents/rgb_to_rgbx/rgb_to_rgbx.srcs</xilinx:tag>
        <xilinx:tag xilinx:name="ui.data.coregen.dd@4668e85f_ARCHIVE_LOCATION">c:/users/saz5/documents/rgb_to_rgbx/rgb_to_rgbx.srcs</xilinx:tag>
        <xilinx:tag xilinx:name="ui.data.coregen.dd@70e88862_ARCHIVE_LOCATION">c:/users/saz5/documents/rgb_to_rgbx/rgb_to_rgbx.srcs</xilinx:tag>
        <xilinx:tag xilinx:name="ui.data.coregen.dd@7f3cccad_ARCHIVE_LOCATION">c:/users/saz5/documents/rgb_to_rgbx/rgb_to_rgbx.srcs</xilinx:tag>
        <xilinx:tag xilinx:name="ui.data.coregen.dd@57643c5e_ARCHIVE_LOCATION">c:/users/saz5/documents/rgb_to_rgbx/rgb_to_rgbx.srcs</xilinx:tag>
        <xilinx:tag xilinx:name="ui.data.coregen.dd@2311e247_ARCHIVE_LOCATION">c:/users/saz5/documents/rgb_to_rgbx/rgb_to_rgbx.srcs</xilinx:tag>
        <xilinx:tag xilinx:name="ui.data.coregen.dd@7ca96ba8_ARCHIVE_LOCATION">c:/users/saz5/documents/rgb_to_rgbx/rgb_to_rgbx.srcs</xilinx:tag>
        <xilinx:tag xilinx:name="ui.data.coregen.dd@443e345b_ARCHIVE_LOCATION">c:/users/saz5/documents/rgb_to_rgbx/rgb_to_rgbx.srcs</xilinx:tag>
        <xilinx:tag xilinx:name="ui.data.coregen.dd@66a50cfe_ARCHIVE_LOCATION">c:/users/saz5/documents/rgb_to_rgbx/rgb_to_rgbx.srcs</xilinx:tag>
        <xilinx:tag xilinx:name="ui.data.coregen.dd@3814de3c_ARCHIVE_LOCATION">s:/Documents/ENSC452/Milestone1/RGB_to_RGBX/RGB_to_RGBX.srcs</xilinx:tag>
        <xilinx:tag xilinx:name="ui.data.coregen.dd@1d98acf8_ARCHIVE_LOCATION">s:/Documents/ENSC452/Milestone1/RGB_to_RGBX/RGB_to_RGBX.srcs</xilinx:tag>
        <xilinx:tag xilinx:name="ui.data.coregen.dd@44b5940b_ARCHIVE_LOCATION">s:/Documents/ENSC452/Milestone1/RGB_to_RGBX/RGB_to_RGBX.srcs</xilinx:tag>
        <xilinx:tag xilinx:name="ui.data.coregen.dd@4036324b_ARCHIVE_LOCATION">s:/Documents/ENSC452/Milestone1/RGB_to_RGBX/RGB_to_RGBX.srcs</xilinx:tag>
        <xilinx:tag xilinx:name="ui.data.coregen.dd@4030ca50_ARCHIVE_LOCATION">s:/Documents/ENSC452/Milestone1/RGB_to_RGBX/RGB_to_RGBX.srcs</xilinx:tag>
        <xilinx:tag xilinx:name="ui.data.coregen.dd@2b923de5_ARCHIVE_LOCATION">s:/Documents/ENSC452/Milestone1/RGB_to_RGBX/RGB_to_RGBX.srcs</xilinx:tag>
        <xilinx:tag xilinx:name="ui.data.coregen.dd@73b4dc07_ARCHIVE_LOCATION">s:/Documents/ENSC452/Milestone1/RGB_to_RGBX/RGB_to_RGBX.srcs</xilinx:tag>
        <xilinx:tag xilinx:name="ui.data.coregen.dd@24c8e0e2_ARCHIVE_LOCATION">s:/Documents/ENSC452/Milestone1/RGB_to_RGBX/RGB_to_RGBX.srcs</xilinx:tag>
        <xilinx:tag xilinx:name="ui.data.coregen.dd@22764f99_ARCHIVE_LOCATION">s:/Documents/ENSC452/Milestone1/RGB_to_RGBX/RGB_to_RGBX.srcs</xilinx:tag>
        <xilinx:tag xilinx:name="ui.data.coregen.dd@1c349212_ARCHIVE_LOCATION">s:/Documents/ENSC452/Milestone1/RGB_to_RGBX/RGB_to_RGBX.srcs</xilinx:tag>
        <xilinx:tag xilinx:name="ui.data.coregen.dd@2c001bf0_ARCHIVE_LOCATION">s:/Documents/ENSC452/Milestone1/RGB_to_RGBX/RGB_to_RGBX.srcs</xilinx:tag>
        <xilinx:tag xilinx:name="ui.data.coregen.dd@1cf92f00_ARCHIVE_LOCATION">s:/Documents/ENSC452/Milestone1/RGB_to_RGBX/RGB_to_RGBX.srcs</xilinx:tag>
        <xilinx:tag xilinx:name="ui.data.coregen.dd@5e8b5858_ARCHIVE_LOCATION">s:/Documents/ENSC452/Milestone1/RGB_to_RGBX/RGB_to_RGBX.srcs</xilinx:tag>
        <xilinx:tag xilinx:name="ui.data.coregen.dd@3ab3bd1f_ARCHIVE_LOCATION">s:/Documents/ENSC452/Milestone1/RGB_to_RGBX/RGB_to_RGBX.srcs</xilinx:tag>
        <xilinx:tag xilinx:name="ui.data.coregen.dd@4daaeff_ARCHIVE_LOCATION">s:/Documents/ENSC452/Milestone1/RGB_to_RGBX/RGB_to_RGBX.srcs</xilinx:tag>
        <xilinx:tag xilinx:name="ui.data.coregen.dd@43dcc4da_ARCHIVE_LOCATION">s:/Documents/ENSC452/Milestone1/RGB_to_RGBX/RGB_to_RGBX.srcs</xilinx:tag>
        <xilinx:tag xilinx:name="ui.data.coregen.dd@159dc10d_ARCHIVE_LOCATION">s:/Documents/ENSC452/Milestone1/RGB_to_RGBX/RGB_to_RGBX.srcs</xilinx:tag>
      </xilinx:tags>
    </xilinx:coreExtensions>
    <xilinx:packagingInfo>
      <xilinx:xilinxVersion>2020.2</xilinx:xilinxVersion>
      <xilinx:checksum xilinx:scope="busInterfaces" xilinx:value="a88d4390"/>
      <xilinx:checksum xilinx:scope="fileGroups" xilinx:value="a52aa138"/>
      <xilinx:checksum xilinx:scope="ports" xilinx:value="96cd8847"/>
      <xilinx:checksum xilinx:scope="parameters" xilinx:value="b4918632"/>
    </xilinx:packagingInfo>
  </spirit:vendorExtensions>
</spirit:component>
