{
  "version": "2020.2",
  "applications": [],
  "platforms": [
    {
      "name": "Real_Time_Video_Filter"
    }
  ],
  "systems": [
    {
      "name": "Real_Time_Video_Filter_system",
      "platform": "S:/Downloads/Testing/Real_Time_Video_Filter/workspace/Real_Time_Video_Filter/export/Real_Time_Video_Filter/Real_Time_Video_Filter.xpfm",
      "sysConfig": "Real_Time_Video_Filter",
      "buildConfig": "Debug",
      "applications": [
        {
          "name": "Data_Processor",
          "platform": "S:/Downloads/Testing/Real_Time_Video_Filter/workspace/Real_Time_Video_Filter/export/Real_Time_Video_Filter/Real_Time_Video_Filter.xpfm",
          "platformPath": "S:\\Downloads\\Testing\\Real_Time_Video_Filter\\workspace\\Real_Time_Video_Filter\\export\\Real_Time_Video_Filter",
          "sysConfig": "Real_Time_Video_Filter",
          "domain": "standalone_domain",
          "system": "Real_Time_Video_Filter_system"
        },
        {
          "name": "Video_Feed",
          "platform": "S:/Downloads/Testing/Real_Time_Video_Filter/workspace/Real_Time_Video_Filter/export/Real_Time_Video_Filter/Real_Time_Video_Filter.xpfm",
          "platformPath": "S:\\Downloads\\Testing\\Real_Time_Video_Filter\\workspace\\Real_Time_Video_Filter\\export\\Real_Time_Video_Filter",
          "sysConfig": "Real_Time_Video_Filter",
          "domain": "standalone_ps7_cortexa9_1",
          "system": "Real_Time_Video_Filter_system"
        }
      ],
      "platformPath": "S:\\Downloads\\Testing\\Real_Time_Video_Filter\\workspace\\Real_Time_Video_Filter\\export\\Real_Time_Video_Filter"
    }
  ],
  "others": []
}