{
  "version": "2020.2",
  "applications": [],
  "platforms": [
    {
      "name": "Real_Time_Video_Filter_Wrapper"
    }
  ],
  "systems": [
    {
      "name": "Real_Time_Video_Filter_system",
      "platform": "A:/Documents/School/ENSC452/Real_Time_Video_Filter/workspace/Real_Time_Video_Filter_Wrapper/export/Real_Time_Video_Filter_Wrapper/Real_Time_Video_Filter_Wrapper.xpfm",
      "sysConfig": "Real_Time_Video_Filter_Wrapper",
      "buildConfig": "Debug",
      "applications": [
        {
          "name": "Real_Time_Video_Filter",
          "platform": "A:/Documents/School/ENSC452/Real_Time_Video_Filter/workspace/Real_Time_Video_Filter_Wrapper/export/Real_Time_Video_Filter_Wrapper/Real_Time_Video_Filter_Wrapper.xpfm",
          "platformPath": "A:\\Documents\\School\\ENSC452\\Real_Time_Video_Filter\\workspace\\Real_Time_Video_Filter_Wrapper\\export\\Real_Time_Video_Filter_Wrapper",
          "sysConfig": "Real_Time_Video_Filter_Wrapper",
          "domain": "standalone_domain",
          "system": "Real_Time_Video_Filter_system"
        }
      ],
      "platformPath": "A:\\Documents\\School\\ENSC452\\Real_Time_Video_Filter\\workspace\\Real_Time_Video_Filter_Wrapper\\export\\Real_Time_Video_Filter_Wrapper"
    }
  ],
  "others": []
}